"pair_id","X_Var","Y_Var","r_BL","r_BH","n_BL","n_BH","z_BL","z_BH","z_diff","p_value"
"averageNonNumerical_HBM_average_benefit_3","averageNonNumerical","HBM_average_benefit_3",-0.0611320298987697,0.0554980910325392,155,134,-0.0612083537918635,0.055555175307883,0.979425567285923,0.32736974935746
"averageNonNumerical_HBM_average_risk_3","averageNonNumerical","HBM_average_risk_3",0.303278705117308,0.106171912181072,155,134,0.313126491138432,0.106573572396986,-1.73258902991947,0.0831687404571291
"averageNumerical_HBM_average_benefit_3","averageNumerical","HBM_average_benefit_3",0.512437594676155,0.499030185449248,155,134,0.566029818084818,0.548013893042676,-0.151119598222379,0.879881372896566
"averageNumerical_HBM_average_risk_3","averageNumerical","HBM_average_risk_3",-0.168889447120795,-0.372358625774259,155,134,-0.17052328228376,-0.391158609988402,-1.85071385445906,0.0642107298445935
