model,AIC,BIC,logLik
Risk_main,1055.878141008337,1080.3987893698109,-521.9390705041685
Benefit_main,1072.7017085212242,1097.222356882698,-530.3508542606121
